0.6830335855484009,0.7335624098777771,-2.3677232263707992e-07,0.6603574752807617,0.6448383927345276,0.0019466847879812121,0.6182581782341003,0.5659469962120056,-0.006058131344616413,0.5808139443397522,0.5062985420227051,-0.015246851369738579,0.5631789565086365,0.4460793137550354,-0.02566993609070778,0.5603439211845398,0.5823726654052734,-0.021364295855164528,0.5001175999641418,0.6230154037475586,-0.03006693162024021,0.5216435194015503,0.6422199606895447,-0.03215954080224037,0.5490511059761047,0.6361954212188721,-0.032791972160339355,0.5566614270210266,0.640877902507782,-0.028919553384184837,0.49893173575401306,0.6740214824676514,-0.03256677836179733,0.5232453942298889,0.6866297721862793,-0.02744719199836254,0.5500208139419556,0.6800469160079956,-0.026262804865837097,0.5588554739952087,0.7006660103797913,-0.03504034876823425,0.5053045153617859,0.7239193320274353,-0.03852951526641846,0.5301567912101746,0.7329062819480896,-0.02637370117008686,0.5569614171981812,0.7254052758216858,-0.020468220114707947,0.5649663209915161,0.758635401725769,-0.04052393510937691,0.5173149108886719,0.7713595032691956,-0.04296375438570976,0.540622889995575,0.7760750651359558,-0.03118922747671604,0.565050482749939,0.7701467275619507,-0.022267557680606842,thumb_up
0.6790449023246765,0.464142769575119,-5.908814841859567e-07,0.6532348394393921,0.5526845455169678,-0.042239852249622345,0.6011954545974731,0.6398318409919739,-0.06734314560890198,0.5581743121147156,0.7110567688941956,-0.090247742831707,0.5300108194351196,0.780191957950592,-0.10785308480262756,0.5083538293838501,0.5814275145530701,-0.027405668050050735,0.5020855665206909,0.6007940173149109,-0.07817581295967102,0.5576266050338745,0.5859668254852295,-0.10752838104963303,0.5915376543998718,0.5688547492027283,-0.12060324847698212,0.5014553070068359,0.5138683319091797,-0.02643582783639431,0.488124817609787,0.5294321775436401,-0.0830281674861908,0.5566481351852417,0.5269048810005188,-0.10036293417215347,0.592732846736908,0.5160706043243408,-0.1003791019320488,0.5081367492675781,0.44613558053970337,-0.03331178054213524,0.4978075623512268,0.45202869176864624,-0.08933234214782715,0.5639262199401855,0.4618109464645386,-0.08312825113534927,0.5967546105384827,0.46143415570259094,-0.06487580388784409,0.5235371589660645,0.3815155029296875,-0.043464597314596176,0.5049505829811096,0.3853257894515991,-0.07855042815208435,0.5549582242965698,0.40229910612106323,-0.07032354176044464,0.5819388628005981,0.4077392816543579,-0.05528269335627556,thumbs_down
0.6201425790786743,0.4574838876724243,-7.02696979715256e-07,0.5946493744850159,0.5574963688850403,-0.03305886685848236,0.5452455282211304,0.6504651308059692,-0.0500958114862442,0.5094003677368164,0.7229251265525818,-0.0641699731349945,0.490128755569458,0.788670003414154,-0.07243330031633377,0.44378647208213806,0.5853418707847595,-0.020576277747750282,0.4785614013671875,0.616273045539856,-0.05013715475797653,0.5228076577186584,0.5964383482933044,-0.06630005687475204,0.5311967730522156,0.5745503902435303,-0.0759376659989357,0.43288153409957886,0.5202327370643616,-0.02011202648282051,0.4791681170463562,0.5478079319000244,-0.05056184530258179,0.5257446765899658,0.5411655902862549,-0.058325573801994324,0.5297408699989319,0.523166298866272,-0.06095482036471367,0.4409201145172119,0.453159898519516,-0.024947863072156906,0.47376447916030884,0.4794413149356842,-0.060298338532447815,0.5213361978530884,0.4834762215614319,-0.050780463963747025,0.529454231262207,0.4685744643211365,-0.03884178027510643,0.45905110239982605,0.3881913423538208,-0.0333254300057888,0.4607726037502289,0.40718454122543335,-0.05910236015915871,0.5046374201774597,0.42449134588241577,-0.04993899539113045,0.5244441628456116,0.42147260904312134,-0.037918977439403534,thumbs_down
0.696412980556488,0.6893803477287292,-4.193451843548246e-07,0.6657922267913818,0.6376029253005981,-0.003199479542672634,0.6538995504379272,0.5531209707260132,-0.0019581113010644913,0.6547607779502869,0.4904319643974304,-0.005739402957260609,0.6526302099227905,0.43856102228164673,-0.010420076549053192,0.713568389415741,0.5296217799186707,0.020702911540865898,0.7188300490379333,0.4738963544368744,0.006844236049801111,0.7083850502967834,0.43101635575294495,-0.003904242068529129,0.6963658332824707,0.3965113162994385,-0.011791110970079899,0.7357909679412842,0.5396291017532349,0.011691262014210224,0.7192240357398987,0.48302310705184937,-0.01750325597822666,0.692353367805481,0.5324915051460266,-0.027590667828917503,0.6801895499229431,0.5810549259185791,-0.025111230090260506,0.7579668164253235,0.5573455095291138,-0.0006060326122678816,0.7347560524940491,0.5025781989097595,-0.03232429176568985,0.7104987502098083,0.5586397647857666,-0.029900899156928062,0.7032437920570374,0.6081657409667969,-0.017640408128499985,0.7824351191520691,0.5827328562736511,-0.013019034639000893,0.7561616897583008,0.5328471660614014,-0.03487314283847809,0.7364209890365601,0.5665534138679504,-0.030850058421492577,0.7336416244506836,0.605044424533844,-0.02144695073366165,double_click
0.7227578163146973,0.6810315251350403,1.3249234598333715e-08,0.6710599660873413,0.6323845982551575,-0.010543892160058022,0.6396152377128601,0.5513078570365906,-0.011335410177707672,0.6299512982368469,0.4780297875404358,-0.01493219006806612,0.6239504218101501,0.41725170612335205,-0.016769440844655037,0.6585718989372253,0.4921340346336365,0.02472846768796444,0.6450318098068237,0.4351600706577301,0.013694817200303078,0.6303402781486511,0.4089479446411133,-0.0017668231157585979,0.6140287518501282,0.3936607241630554,-0.012680666521191597,0.6900946497917175,0.4831181466579437,0.020768390968441963,0.6798477172851562,0.42164909839630127,0.009693817235529423,0.6627515554428101,0.3958827257156372,-0.007627309765666723,0.6426726579666138,0.3898526132106781,-0.019320251420140266,0.72451251745224,0.48657917976379395,0.011992912739515305,0.7220261693000793,0.41572174429893494,-0.0032548855524510145,0.7061434388160706,0.39622071385383606,-0.016252314671874046,0.6847728490829468,0.40525293350219727,-0.02255968190729618,0.7617360353469849,0.4965476393699646,0.0016185608692467213,0.7679811716079712,0.430015504360199,-0.012495103292167187,0.7578238844871521,0.40766727924346924,-0.020301075652241707,0.7405163049697876,0.412182092666626,-0.023654093965888023,zoom_in 
0.7293577790260315,0.6643457412719727,5.156849525178586e-08,0.6782590746879578,0.6189539432525635,-0.012699861079454422,0.6453749537467957,0.5464656352996826,-0.01439693197607994,0.6322510242462158,0.47615376114845276,-0.018813934177160263,0.6233097910881042,0.41583824157714844,-0.021320689469575882,0.6595885753631592,0.4872658848762512,0.02612961083650589,0.6459154486656189,0.43315017223358154,0.014437166042625904,0.6359089016914368,0.4084126055240631,-0.0018742404645308852,0.6265029907226562,0.39703071117401123,-0.013075286522507668,0.6894541382789612,0.4771033525466919,0.023396095260977745,0.678134024143219,0.4160584509372711,0.01151860412210226,0.6690933704376221,0.3934544622898102,-0.00665969168767333,0.6601597666740417,0.39710742235183716,-0.01851869374513626,0.7229787707328796,0.47854769229888916,0.015409515239298344,0.7192546129226685,0.40462541580200195,-0.001699822023510933,0.7109923958778381,0.386346697807312,-0.016373101621866226,0.699924647808075,0.40533247590065,-0.02306840755045414,0.7600030303001404,0.4852208197116852,0.005810053087770939,0.7619910836219788,0.4177298843860626,-0.010997242294251919,0.7518917322158813,0.40297752618789673,-0.02022128365933895,0.737511157989502,0.42231670022010803,-0.023900339379906654,zoom_in 
0.7239260077476501,0.6626633405685425,1.786884773480324e-08,0.6684321761131287,0.6200517416000366,-0.010656178928911686,0.6306837201118469,0.5451134443283081,-0.008066815324127674,0.6135169267654419,0.4791094660758972,-0.006898780353367329,0.598966658115387,0.43423357605934143,-0.004183621611446142,0.6521143913269043,0.48340725898742676,0.019147373735904694,0.637315034866333,0.43007147312164307,0.0139540433883667,0.6267549991607666,0.4014871120452881,0.002965872408822179,0.6155486106872559,0.3749656081199646,-0.0071404241025447845,0.6839548349380493,0.47075706720352173,0.016439273953437805,0.669687032699585,0.4147738814353943,0.01096263900399208,0.6562449932098389,0.3867884576320648,-0.002349080750718713,0.6417860984802246,0.370746374130249,-0.013273374177515507,0.7180941700935364,0.4714656174182892,0.009767946787178516,0.7137758135795593,0.40926817059516907,-0.00178304233122617,0.7073626518249512,0.3833675980567932,-0.013241839595139027,0.6982108950614929,0.38222208619117737,-0.020327012985944748,0.7552884817123413,0.4804939329624176,0.0015321807004511356,0.7562932372093201,0.4213399887084961,-0.011225739493966103,0.7501819133758545,0.4014144241809845,-0.0179781261831522,0.7405613660812378,0.40621137619018555,-0.021608876064419746,zoom_in 
0.7415539026260376,0.818949818611145,4.4748472305400355e-07,0.6793782711029053,0.7889022827148438,-0.02724183164536953,0.6262849569320679,0.7308418154716492,-0.043334461748600006,0.588126540184021,0.6819086670875549,-0.05754964053630829,0.5495343208312988,0.6470636129379272,-0.0716201663017273,0.6466478109359741,0.5963199138641357,-0.023025445640087128,0.6245594620704651,0.5060639977455139,-0.04574098438024521,0.6150112152099609,0.45128345489501953,-0.06592069566249847,0.606826663017273,0.40135592222213745,-0.08133172243833542,0.6907028555870056,0.5788110494613647,-0.027270086109638214,0.6776260733604431,0.48450639843940735,-0.04634494706988335,0.6666580438613892,0.42731690406799316,-0.06497355550527573,0.6522854566574097,0.37801623344421387,-0.07926181703805923,0.7350895404815674,0.5850663185119629,-0.035620998591184616,0.7345595955848694,0.4994809031486511,-0.05562364682555199,0.7308902144432068,0.44497668743133545,-0.06965377181768417,0.7223153710365295,0.39729151129722595,-0.08022119104862213,0.7777571678161621,0.6100725531578064,-0.0465371273458004,0.7895836234092712,0.5471713542938232,-0.06454022973775864,0.795818567276001,0.5075374245643616,-0.07148197293281555,0.7971703410148621,0.47148722410202026,-0.07630735635757446,zoom_out
0.7117298245429993,0.7700108289718628,-2.631471396341567e-08,0.6607077121734619,0.722754955291748,-0.010208473540842533,0.6269339323043823,0.6417832970619202,-0.011975604109466076,0.6105988025665283,0.5700772404670715,-0.017304329201579094,0.5958879590034485,0.5053488612174988,-0.020217614248394966,0.6324118375778198,0.5671178102493286,0.030206535011529922,0.6109102964401245,0.50956791639328,0.012950451113283634,0.6016585826873779,0.4886853098869324,-0.004911711439490318,0.5995621085166931,0.49383288621902466,-0.013981016352772713,0.6686018705368042,0.5499401688575745,0.025068746879696846,0.6499704122543335,0.48251160979270935,0.009285513311624527,0.6402016282081604,0.47088685631752014,-0.005744182504713535,0.6339602470397949,0.4912455677986145,-0.010929753072559834,0.7079998850822449,0.5461996793746948,0.013753088191151619,0.7026597857475281,0.4702802896499634,-0.00226235412992537,0.6914592385292053,0.4326041340827942,-0.011584063991904259,0.6792678236961365,0.4224178194999695,-0.013768878765404224,0.7499379515647888,0.5576138496398926,0.0007609148160554469,0.7605189085006714,0.49644118547439575,-0.011006456799805164,0.7583798170089722,0.4634327292442322,-0.01557458657771349,0.7492018342018127,0.4484701156616211,-0.015628822147846222,zoom_out
0.7004808783531189,0.7639411687850952,-6.685107933890322e-08,0.649101972579956,0.717269241809845,-0.009110724553465843,0.6140167117118835,0.6340566873550415,-0.008896471932530403,0.6009012460708618,0.5617457032203674,-0.01198146864771843,0.592885434627533,0.49688535928726196,-0.012713129632174969,0.6292855143547058,0.5584740042686462,0.030417928472161293,0.6145457029342651,0.49952432513237,0.015408997423946857,0.6019357442855835,0.4781203269958496,-0.002312652999535203,0.589987576007843,0.4785953462123871,-0.012352862395346165,0.6639693379402161,0.5425244569778442,0.02540777623653412,0.6477285027503967,0.47844189405441284,0.012256682850420475,0.6320297718048096,0.4605984687805176,-0.003368156962096691,0.6161254048347473,0.4722626805305481,-0.010844212956726551,0.7023950219154358,0.5402029156684875,0.014568936079740524,0.6992502808570862,0.4689251780509949,0.0005644031916745007,0.6869513392448425,0.43306392431259155,-0.008939757011830807,0.6713021397590637,0.42291921377182007,-0.012277708388864994,0.7432835698127747,0.551596999168396,0.002002342604100704,0.7536537647247314,0.4918942153453827,-0.00854989979416132,0.7510907649993896,0.45845866203308105,-0.013135702349245548,0.7408618927001953,0.44110870361328125,-0.013892140239477158,zoom_out
